name,lastname,age
Liam,Smith,22
Emma,Johnson,24
Noah,Brown,20
Olivia,Davis,23
Ava,Wilson,21
Sophia,Taylor,25
Jackson,Anderson,22
Isabella,Martinez,24
Lucas,Thomas,20
Mia,Garcia,23
Ethan,Lee,21
Charlotte,White,25
Mason,Harris,22
Amelia,Clark,24
Harper,Lewis,20
Elijah,Walker,23
Evelyn,Hall,21
James,Allen,25
Abigail,Young,22
Alexander,King,24
Emily,Wright,20
Michael,Scott,23
Elizabeth,Adams,21
Daniel,Baker,25
Sofia,Nelson,22
Henry,Carter,24
Avery,Mitchell,20
Joseph,Perez,23
Scarlett,Roberts,21
Samuel,Turner,25
Grace,Phillips,22
David,Campbell,24
Chloe,Parker,20
William,Evans,23
Lily,Edwards,21
Benjamin,Collins,25
Zoey,Stewart,22
Jacob,Sanchez,24
Ella,Morris,20
Logan,Rogers,23
Mia,Reed,21
Lucas,Bell,25
Aria,Cook,22
Jack,Murphy,24
Hannah,Bailey,20
Nathan,Rivera,23
Victoria,Cooper,21
Owen,Richardson,25
Mila,Howard,22
Caleb,Cox,24
